{
  "home": {
    "angles": [
      0,
      90,
      90,
      90,
      90,
      90
    ],
    "timestamp": 1758014517.1969507
  },
  "pick": {
    "angles": [
      10,
      70,
      120,
      90,
      45,
      90
    ],
    "timestamp": 1758014517.196952
  },
  "place": {
    "angles": [
      60,
      40,
      100,
      80,
      120,
      110
    ],
    "timestamp": 1758014517.1969526
  }
}